No,ID,Name,Branch,Major
1,  633020032-4, นายกล้ายุทธ   พิชัยเชิด,วิทยาการคอมพิวเตอร์,วิทยาการคอมพิวเตอร์
2,  633020033-2, นายจิรภัทร   ชื่นสกุล,วิทยาการคอมพิวเตอร์,วิทยาการคอมพิวเตอร์
3,  633020034-0, นายชาญยุทธ   ดงทะนา,วิทยาการคอมพิวเตอร์,วิทยาการคอมพิวเตอร์
4,  633020035-8, นายชานน   ภาคีนุยะ,วิทยาการคอมพิวเตอร์,วิทยาการคอมพิวเตอร์
5,  633020036-6, นายณัฐนันท์   วรรณภา,วิทยาการคอมพิวเตอร์,วิทยาการคอมพิวเตอร์
6,  633020037-4, นายธนวัฒน์   ทัดสันเทียะ,วิทยาการคอมพิวเตอร์,วิทยาการคอมพิวเตอร์
7,  633020038-2, นายภูดิส   แสนทิพย์,วิทยาการคอมพิวเตอร์,วิทยาการคอมพิวเตอร์
8,  633020039-0, นายภูธเนศ   เครือคำ,วิทยาการคอมพิวเตอร์,วิทยาการคอมพิวเตอร์
9,  633020040-5, นายยศภัทร   ทองบพิตร,วิทยาการคอมพิวเตอร์,วิทยาการคอมพิวเตอร์
10,  633020041-3, นายเลอสรร   กองพันธ์,วิทยาการคอมพิวเตอร์,วิทยาการคอมพิวเตอร์
11,  633020042-1, นายอนิรุท   ชาวกล้า,วิทยาการคอมพิวเตอร์,วิทยาการคอมพิวเตอร์
12,  633020378-8, นายเดชานุภาพ   อนุวรรณ,วิทยาการคอมพิวเตอร์,วิทยาการคอมพิวเตอร์
13,  633020379-6, นางสาวเนตรชนก   เมืองโคตร,วิทยาการคอมพิวเตอร์,วิทยาการคอมพิวเตอร์
14,  633020380-1, นายเศรษฐพงศ์   สุภาพรหม,วิทยาการคอมพิวเตอร์,วิทยาการคอมพิวเตอร์
15,  633020381-9, นางสาวโสภิดา   ทิพยะวัฒน์,วิทยาการคอมพิวเตอร์,วิทยาการคอมพิวเตอร์
16,  633020382-7, นายกนกศักดิ์   ชุมแสง,วิทยาการคอมพิวเตอร์,วิทยาการคอมพิวเตอร์
17,  633020383-5, นายกาญจนะ   นาหมื่น,วิทยาการคอมพิวเตอร์,วิทยาการคอมพิวเตอร์
18,  633020384-3, นายกิตติพจน์   ทิพย์นางรอง,วิทยาการคอมพิวเตอร์,วิทยาการคอมพิวเตอร์
19,  633020385-1, นายคณิน   อัครพงษ์,วิทยาการคอมพิวเตอร์,วิทยาการคอมพิวเตอร์
20,  633020386-9, นายจิฏฏิภัค   พลหงษ์,วิทยาการคอมพิวเตอร์,วิทยาการคอมพิวเตอร์
21,  633020387-7, นายชวัชร์ชัย   ไชยโสดารัชต์,วิทยาการคอมพิวเตอร์,วิทยาการคอมพิวเตอร์
22,  633020388-5, นางสาวช่อปทุม   อุดมชาติ,วิทยาการคอมพิวเตอร์,วิทยาการคอมพิวเตอร์
23,  633020389-3, นายชาญรุ่งเรือง   จันทวารา,วิทยาการคอมพิวเตอร์,วิทยาการคอมพิวเตอร์
24,  633020390-8, นายฐิติพงศ์   วังคีรี,วิทยาการคอมพิวเตอร์,วิทยาการคอมพิวเตอร์
25,  633020391-6, นายณกฤช   ศรีปัญญา,วิทยาการคอมพิวเตอร์,วิทยาการคอมพิวเตอร์
26,  633020392-4, นายณัฐพงศ์   นันทะแสง,วิทยาการคอมพิวเตอร์,วิทยาการคอมพิวเตอร์
27,  633020393-2, นายถิรวัฒน์   พงษ์สิมา,วิทยาการคอมพิวเตอร์,วิทยาการคอมพิวเตอร์
28,  633020394-0, นายธเนศวร   สายแสนทอง,วิทยาการคอมพิวเตอร์,วิทยาการคอมพิวเตอร์
29,  633020395-8, นายธนเสฏฐ์   ศรีรัตน์ดา,วิทยาการคอมพิวเตอร์,วิทยาการคอมพิวเตอร์
30,  633020396-6, นายธนบัตร   ศรีปัญญา,วิทยาการคอมพิวเตอร์,วิทยาการคอมพิวเตอร์
31,  633020397-4, นายธันยธรณ์   โสภา,วิทยาการคอมพิวเตอร์,วิทยาการคอมพิวเตอร์
32,  633020398-2, นายธีรธัช   ชาวระนอง,วิทยาการคอมพิวเตอร์,วิทยาการคอมพิวเตอร์
33,  633020399-0, นายธีรภัทร์   บริบูรณ์,วิทยาการคอมพิวเตอร์,วิทยาการคอมพิวเตอร์
34,  633020400-1, นางสาวธีราพร   ชมภูพฤกษ์,วิทยาการคอมพิวเตอร์,วิทยาการคอมพิวเตอร์
35,  633020401-9, นางสาวนงเยาว์   นนท์ใส,วิทยาการคอมพิวเตอร์,วิทยาการคอมพิวเตอร์
36,  633020402-7, นายนราธิป   พิเชียรเศวตธารา,วิทยาการคอมพิวเตอร์,วิทยาการคอมพิวเตอร์
37,  633020403-5, นายปรมินทร์   แสนธิจักร,วิทยาการคอมพิวเตอร์,วิทยาการคอมพิวเตอร์
38,  633020404-3, นายปรีชานนท์   ชาติไทย,วิทยาการคอมพิวเตอร์,วิทยาการคอมพิวเตอร์
39,  633020405-1, นางสาวปรีณาภา   อาจกล้า,วิทยาการคอมพิวเตอร์,วิทยาการคอมพิวเตอร์
40,  633020406-9, นายปิยวิทย์   สุวรรณปัฏนะ,วิทยาการคอมพิวเตอร์,วิทยาการคอมพิวเตอร์
41,  633020407-7, นายปุญญพัฒน์   เลิศสำโรง,วิทยาการคอมพิวเตอร์,วิทยาการคอมพิวเตอร์
42,  633020408-5, นายพงศธร   โงนมณี,วิทยาการคอมพิวเตอร์,วิทยาการคอมพิวเตอร์
43,  633020409-3, นายพชร   ลาสา,วิทยาการคอมพิวเตอร์,วิทยาการคอมพิวเตอร์
44,  633020410-8, นายพัฒนศักดิ์   นิเรียงรัมย์,วิทยาการคอมพิวเตอร์,วิทยาการคอมพิวเตอร์
45,  633020411-6, นายพันธ์ศักดิ์   สมภาค,วิทยาการคอมพิวเตอร์,วิทยาการคอมพิวเตอร์
46,  633020412-4, นางสาวพิศตะวัน   พิลารัตน์,วิทยาการคอมพิวเตอร์,วิทยาการคอมพิวเตอร์
47,  633020413-2, นายพีรณัฐ   รัตนาพีระพัฒน์,วิทยาการคอมพิวเตอร์,วิทยาการคอมพิวเตอร์
48,  633020414-0, นายภคิน   กาญจนธวัช,วิทยาการคอมพิวเตอร์,วิทยาการคอมพิวเตอร์
49,  633020415-8, นายมงคล   สิงห์ดี,วิทยาการคอมพิวเตอร์,วิทยาการคอมพิวเตอร์
50,  633020416-6, นายวงศกร   เหลาพร,วิทยาการคอมพิวเตอร์,วิทยาการคอมพิวเตอร์
51,  633020417-4, นางสาววิยะดา   สร้อยจิตร,วิทยาการคอมพิวเตอร์,วิทยาการคอมพิวเตอร์
52,  633020418-2, นายวิวัฒน์   ปาธิยะ,วิทยาการคอมพิวเตอร์,วิทยาการคอมพิวเตอร์
53,  633020419-0, นายศักดิ์สิทธิ์   ศิริศักดา,วิทยาการคอมพิวเตอร์,วิทยาการคอมพิวเตอร์
54,  633020420-5, นายสรวุฒิ   รัศมี,วิทยาการคอมพิวเตอร์,วิทยาการคอมพิวเตอร์
55,  633020421-3, นายสหัสวัต   สุดาพรรัตน์,วิทยาการคอมพิวเตอร์,วิทยาการคอมพิวเตอร์
56,  633020422-1, นายสัจจวัจน์   ส่งเสริม,วิทยาการคอมพิวเตอร์,วิทยาการคอมพิวเตอร์
57,  633020423-9, นายสามารถ   มงคลฤกษ์,วิทยาการคอมพิวเตอร์,วิทยาการคอมพิวเตอร์
58,  633020424-7, นางสาวสิริยากร   ขวานทอง,วิทยาการคอมพิวเตอร์,วิทยาการคอมพิวเตอร์
59,  633020425-5, นางสาวสุนารัตน์   บุษบงค์,วิทยาการคอมพิวเตอร์,วิทยาการคอมพิวเตอร์
60,  633020426-3, นายอธิน   ตริรักษา,วิทยาการคอมพิวเตอร์,วิทยาการคอมพิวเตอร์
61,  633020427-1, นายอธิวุฒิ   ชูแก้ว,วิทยาการคอมพิวเตอร์,วิทยาการคอมพิวเตอร์
62,  633020428-9, นายอนิรุจน์   วายุเวช,วิทยาการคอมพิวเตอร์,วิทยาการคอมพิวเตอร์
63,  633020429-7, นายอภิชัย   ทัพภูตา,วิทยาการคอมพิวเตอร์,วิทยาการคอมพิวเตอร์
64,  633020430-2, นายอัครฤทธิ์   พิจิตอาจ,วิทยาการคอมพิวเตอร์,วิทยาการคอมพิวเตอร์
65,  633020431-0, นายอัครวัตร   เมืองนาง,วิทยาการคอมพิวเตอร์,วิทยาการคอมพิวเตอร์
66,  633020432-8, นายอัจฉริยะ   สร้อยอุดม,วิทยาการคอมพิวเตอร์,วิทยาการคอมพิวเตอร์
67,  633020433-6, นางสาวอาภรณ์   กูดทา,วิทยาการคอมพิวเตอร์,วิทยาการคอมพิวเตอร์
68,  633020434-4, นางสาวอารียา   ละครพล,วิทยาการคอมพิวเตอร์,วิทยาการคอมพิวเตอร์
69,  633020435-2, นายอิทธิพัฒน์   ลุสุข,วิทยาการคอมพิวเตอร์,วิทยาการคอมพิวเตอร์
70,  633020556-0, นายนรบดี   เดชขันธ์,วิทยาการคอมพิวเตอร์,วิทยาการคอมพิวเตอร์
71,  633020557-8, นางสาวจิตชยา   วีระโชติธาดา,วิทยาการคอมพิวเตอร์,วิทยาการคอมพิวเตอร์
72,  633020558-6, นายวชิรกรณ์   สมัครสมาน,วิทยาการคอมพิวเตอร์,วิทยาการคอมพิวเตอร์
73,  633020559-4, นางสาวรัตนาพร   สวนดอกไม้,วิทยาการคอมพิวเตอร์,วิทยาการคอมพิวเตอร์
74,  633020560-9, นายพีรนันท์   เกตุเมฆ,วิทยาการคอมพิวเตอร์,วิทยาการคอมพิวเตอร์
75,  633020561-7, นางสาวสวรินทร์   ภูวิลัย,วิทยาการคอมพิวเตอร์,วิทยาการคอมพิวเตอร์
76,  633020562-5, นายณภัทร   อัยแก้ว,วิทยาการคอมพิวเตอร์,วิทยาการคอมพิวเตอร์
77,  633020563-3, นายณัฐพงษ์   ทาโบราณ,วิทยาการคอมพิวเตอร์,วิทยาการคอมพิวเตอร์
78,  633020564-1, นายณัฐยศ   นามศักดิ์,วิทยาการคอมพิวเตอร์,วิทยาการคอมพิวเตอร์
79,  633020565-9, นางสาวสุภาภรณ์   กรุงแสนเมือง,วิทยาการคอมพิวเตอร์,วิทยาการคอมพิวเตอร์
80,  633020566-7, นางสาวดุสิตา   สังข์กลิ่นหอม,วิทยาการคอมพิวเตอร์,วิทยาการคอมพิวเตอร์
81,  633020567-5, นางสาวพิชญสรัญญ์   วงค์คำจันทร์,วิทยาการคอมพิวเตอร์,วิทยาการคอมพิวเตอร์
82,  633020568-3, นายจิรากร   ดอนหัวบ่อ,วิทยาการคอมพิวเตอร์,วิทยาการคอมพิวเตอร์
83,  633020569-1, นายสิริวัฒก์   คณพิทักษ์ธนชัย,วิทยาการคอมพิวเตอร์,วิทยาการคอมพิวเตอร์
84,  633020570-6, นายศุภกิตติ์   อสิธารา,วิทยาการคอมพิวเตอร์,วิทยาการคอมพิวเตอร์
85,  633020571-4, นายพีรณัฐ   จันทรสุวรรณ,วิทยาการคอมพิวเตอร์,วิทยาการคอมพิวเตอร์
86,  633020572-2, นางสาวปริยาดา   อากามะ,วิทยาการคอมพิวเตอร์,วิทยาการคอมพิวเตอร์
87,  633020573-0, นายอภิเดช   จันทร์แถม,วิทยาการคอมพิวเตอร์,วิทยาการคอมพิวเตอร์
88,  633020574-8, นายเบญจมินทร์   ภูดินทราย,วิทยาการคอมพิวเตอร์,วิทยาการคอมพิวเตอร์
89,  633020575-6, นางสาวอริสรา   คณาโจด,วิทยาการคอมพิวเตอร์,วิทยาการคอมพิวเตอร์
90,  633020576-4, นางสาวปนิดา   โมกน้ำเที่ยง,วิทยาการคอมพิวเตอร์,วิทยาการคอมพิวเตอร์
91,  633020577-2, นางสาวสุธิดา   รัตนวิชัย,วิทยาการคอมพิวเตอร์,วิทยาการคอมพิวเตอร์
92,  633020578-0, นายศุภสัณห์   แซ่จอง,วิทยาการคอมพิวเตอร์,วิทยาการคอมพิวเตอร์
93,  633020994-6, นายก้องภพ   จันศิลา,วิทยาการคอมพิวเตอร์,วิทยาการคอมพิวเตอร์
94,  633020995-4, นางสาวกันยรัตน์   ยุทธชมภู,วิทยาการคอมพิวเตอร์,วิทยาการคอมพิวเตอร์
95,  633020996-2, นายจิรพันธ์   เค้างิ้ว,วิทยาการคอมพิวเตอร์,วิทยาการคอมพิวเตอร์
96,  633020997-0, นายชนกานต์   บัวเผื่อน,วิทยาการคอมพิวเตอร์,วิทยาการคอมพิวเตอร์
97,  633020998-8, นายธนกฤต   ชุมภักดี,วิทยาการคอมพิวเตอร์,วิทยาการคอมพิวเตอร์
98,  633020999-6, นางสาวธมนันท์   ปินะกาโน,วิทยาการคอมพิวเตอร์,วิทยาการคอมพิวเตอร์
99,  633021000-2, นายปอฮุย   โสมนาม,วิทยาการคอมพิวเตอร์,วิทยาการคอมพิวเตอร์
100,  633021001-0, นายยศตระการ   คมสาคร,วิทยาการคอมพิวเตอร์,วิทยาการคอมพิวเตอร์
101,  633021002-8, นางสาวโยษิตา   ศรีวุฒิทรัพย์,วิทยาการคอมพิวเตอร์,วิทยาการคอมพิวเตอร์
102,  633021003-6, นายรชพล   โพธิสาร,วิทยาการคอมพิวเตอร์,วิทยาการคอมพิวเตอร์
103,  633021004-4, นายวิศกร   สร้อยอุดม,วิทยาการคอมพิวเตอร์,วิทยาการคอมพิวเตอร์
104,  633021005-2, นายศุภกร   มุ่งสมัคร,วิทยาการคอมพิวเตอร์,วิทยาการคอมพิวเตอร์
105,  633021006-0, นางสาวสุภาวดี   มาวัน,วิทยาการคอมพิวเตอร์,วิทยาการคอมพิวเตอร์
106,  633021007-8, นายอนุชา   เงินขาว,วิทยาการคอมพิวเตอร์,วิทยาการคอมพิวเตอร์
107,  633021008-6, นายอภิวัฒน์   แก้วกำ,วิทยาการคอมพิวเตอร์,วิทยาการคอมพิวเตอร์
108,  633021009-4, นายอัครเดช   วิทยาวุฒิรัตน์,วิทยาการคอมพิวเตอร์,วิทยาการคอมพิวเตอร์
109,  633021010-9, นายอัษฎาวุธ   หอมดี,วิทยาการคอมพิวเตอร์,วิทยาการคอมพิวเตอร์
