﻿no,id,fname,lname,status
1,623020032-3,นายกมล,ศิลารักษ์,10
2,623020033-1,นายกิตติศักดิ์,เหง้าศรีไพร,10
3,623020034-9,นางสาวจุฑาทิพย์,บุญรมย์,10
4,623020035-7,นางสาวจุฑามาศ,คงระวี,50
5,623020036-5,นายณัฐวัฒน์,แซ่ตัง,10
6,623020037-3,นางสาวธนาพร,ศรีโชติ,10
7,623020038-1,นายธีรภัทร์,ลอยนอก,10
8,623020039-9,นายสุรชา,สีลาอาสน์,10
9,623020040-4,นายหัสวรรษ,อัคติ,10
10,623020459-7,นางสาวกนกพร,แพงไทย,10
11,623020460-2,นายกฤติน,ปักกุนนัน,10
12,623020461-0,นางสาวกัญญาณัฐ,ใสปาน,10
13,623020462-8,นางสาวกัญญาณี,สามิภักดิ์,10
14,623020463-6,นายกัณวัฒน์,พิสาดรัมย์,10
15,623020464-4,นายกิตติภพ,เพ็ชร์โปรี,10
16,623020465-2,นายชนม์สวัสดิ์,นาคนาม,10
17,623020466-0,นายชัยธวัช,ศรีอนุตร,10
18,623020467-8,นายณัชวัศ,หอระตะ,10
19,623020468-6,นายณัฐดนัย,สอนโพธิ์,10
20,623020469-4,นางสาวณัฐธิดา,สายหม่าน,10
21,623020470-9,นายณัฐพล,สีหา,10
22,623020471-7,นายณัฐวุฒิ,แง่มสุราช,10
23,623020472-5,นายธนโชติ,เตชะศิริธนะกุล,10
24,623020473-3,นางสาวธมลวรรณ,หมื่นทุม,10
25,623020474-1,นางสาวนัฐชา,ทาทองบุญ,10
26,623020475-9,นายนิธิพัฒน์,เหล่าประเสริฐสม,50
27,623020476-7,นางสาวบุปผา,วงค์ไชยา,61
28,623020477-5,นายปณิธาน,เทพบุดดี,10
29,623020478-3,นายปิยังกูร,พิกุล,10
30,623020479-1,นายพงษกร,ไชยสุระ,10
31,623020480-6,นายพริษฐ์,จงหาญ,10
32,623020481-4,นายพลวัตร,พิลาวงษ์,10
33,623020482-2,นายพีรภัทร,ถนอมทรัพย์,10
34,623020483-0,นายภัคพล,อักษรจรรยา,10
35,623020484-8,นางสาวภัทรียา,อามาตร,10
36,623020485-6,นายภูวดล,พงษ์สระพัง,10
37,623020486-4,นางสาวเมษิณี,ยมนัตถ์,10
38,623020487-2,นายยุทธนา,ชื่นจบก,10
39,623020488-0,นายรัชพล,สำราญรมย์,10
40,623020489-8,นายรัตนชัย,ทีฆะทิพย์สกุล,10
41,623020490-3,นางสาววรรณพร,รุมพล,50
42,623020491-1,นางสาววรรษิดา,เกตะวันดี,10
43,623020492-9,นายวิชชาสิน,สุทธิอาจ,50
44,623020493-7,นางสาววีระยา,ชัยประสงค์สุข,10
45,623020494-5,นายศราวุฒิ,พ่อสาร,10
46,623020495-3,นายศิริเฉลิม,อุตรมาตย์,10
47,623020496-1,นางสาวศิรินภา,สงวนรัตน์,10
48,623020497-9,นายศุภสัณห์,รัตนะทองมา,10
49,623020498-7,นายสถาพร,พรมมา,10
50,623020499-5,นางสาวสินีนาฏ,เทียกมูล,10
51,623020500-6,นายสิรภพ,สังกฤษ,10
52,623020501-4,นายสุทิวัส,ผิวคร้าม,50
53,623020502-2,นายสุธี,แซ่ตัน,10
54,623020503-0,นายสุรชาติ,ศักดิวงค์,50
55,623020504-8,นางสาวเสาวรส,มือมิน,10
56,623020505-6,นายอภิชาติ,มูลวันดี,10
57,623020506-4,นางสาวอรประวีณ์,มนตรีชน,10
58,623020507-2,นางสาวอัญมณี,รุ่งเป้า,10
59,623020508-0,นางสาวอารยา,หาระคุโน,10
60,623020509-8,นางสาวอาริญา,สราญรมย์,10
61,623020736-7,นายกันตวิชญ์,วัตถุสินธุ์,10
62,623020737-5,นายคฑาทอง,อภิรัตยาภา,10
63,623020738-3,นางสาวจิณณพัต,ด่านศักดิ์ชัย,50
64,623020739-1,นายชานนท์,คล้ายจันทอง,10
65,623020740-6,นางสาวณิชากร,ศรีวะรมย์,10
66,623020741-4,นายดุลยณัฐ,นิตย์ใหม่,10
67,623020742-2,นายธนกฤต,เวชไทยสงค์,50
68,623020743-0,นางสาวธิวาภรณ์,คำภักดี,10
69,623020744-8,นายธีรวัฒน์,พิมทพงษ์,10
70,623020745-6,นายปัณณธร,ผาใต้,10
71,623020746-4,นายพชระ,โคตรมณี,10
72,623020747-2,นายพิพรรธ,สิงห์มีศรี,10
73,623020748-0,นางสาวพิมพิ์ญาดา,ประสิทธิญานนท์,50
74,623020749-8,นายภูมิพัฒน์,พุทธจันทึก,50
75,623020750-3,นายภูมิภัทร,จันทร์ใบ,10
76,623020751-1,นายมันดีป,คานีโย,10
77,623020752-9,นายรัชพล,ยะพลหา,10
78,623020753-7,นายวรเมธ,ทันแขก,10
79,623020754-5,นางสาวสุภาวรรณ,อินทร์สมบูรณ์,10
80,623020755-3,นายหฤษฎ์,ภูนอนไร่,50
81,623020756-1,นางสาวอนิศรา,วงศ์คำ,50
82,623020757-9,นายอมรเทพ,วินิจสุมานนท์,50
83,623020758-7,นายอัครพนธ์,กาแก้ว,10
84,623020759-5,นายอานัติพนธ์,กุลรัตน์,10
85,623021011-6,นายกฤตเมธ,ศิริสุนทร,10
86,623021012-4,นางสาวคาเรนเมดิสัน,มีดย์,10
87,623021013-2,นายคุณากร,ทานะสี,10
88,623021014-0,นายเจษฎากร,กาญจนะสันติสุข,10
89,623021015-8,นางสาวชนิสรา,แสงใส,10
90,623021016-6,นายชาญยุทธ,ไวสูงเนิน,10
91,623021017-4,นางสาวชุตินธร,วงค์พิพัฒน์,10
92,623021018-2,นายชุติพนธ์,ศรีโยธา,10
93,623021019-0,นายณัชนพ,มะลิรส,10
94,623021020-5,นายทวิชภณ,ทาริวิก,10
95,623021021-3,นายทัตธน,พีระธรรม,10
96,623021022-1,นายธนาคาร,พิมเสน,10
97,623021023-9,นายธีรวุฒิ,นามรส,61
98,623021024-7,นายนฤบดินทร์,สัมพันธสิทธิ์,10
99,623021025-5,นายนันทวัฒน์,อรรถประจง,10
100,623021026-3,นายนิติภูมิ,เสนาลา,10
101,623021027-1,นางสาวบุญญรัตน์,ศรีเสมอ,10
102,623021028-9,นางสาวปนัดดา,สิงห์เสน,10
103,623021029-7,นางสาวพิรญาณ์,สอาดชอบ,10
104,623021030-2,นายแพทริค,รูสเชอร์,50
105,623021031-0,นายภูวิช,ละมุล,50
106,623021032-8,นายยศวิน,อังคะแสน,10
107,623021033-6,นายรณภพ,รงค์ทอง,10
108,623021034-4,นายวชิรวิทย์,ยวงวิภักดิ์,10
109,623021035-2,นายวราวุฒิ,มะลิผล,10
110,623021036-0,นางสาวศศิวิมล,สว่างวงศ์,10
111,623021037-8,นางสาวเสาวลักษณ์,กองหาโคตร,50
112,623021038-6,นางสาวอภัสรา,ประมวลธนกิจ,10
113,623021039-4,นายอัยยะ,บุ้งทอง,10
